Day,Time,Type,Title,Link,,,,,,,,
1,11am,Attraction,第二市場,http://xhslink.com/XdQZhC,,,,,,,,
1,12pm,Attraction,第二市場,http://xhslink.com/XdQZhC,,,,,,,,
1,1pm,Food,????,http://xhslink.com/XdQZhC,,,,,,,,
2,11am,Attraction,????,http://xhslink.com/XdQZhC,,,,,,,,
2,12pm,Attraction,????,http://xhslink.com/XdQZhC,,,,,,,,
2,1pm,Food,????,http://xhslink.com/XdQZhC,,,,,,,,
3,11am,Attraction,????,http://xhslink.com/XdQZhC,,,,,,,,
3,12pm,Attraction,????,http://xhslink.com/XdQZhC,,,,,,,,
3,1pm,Food,????,http://xhslink.com/XdQZhC,,,,,,,,
